-- Seed data generated from the 19 LAPD sample rows.
-- Identity columns are omitted so PostgreSQL auto-generates IDs.
-- Crime_Report.DR_NO is GENERATED BY DEFAULT, so the existing DR_NO values can still be inserted explicitly.

INSERT INTO Area (Area_Cd, AREA_NAME) VALUES
  (3, 'Southwest'),
  (4, 'Hollenbeck'),
  (6, 'Hollywood'),
  (7, 'Wilshire'),
  (9, 'Van Nuys'),
  (11, 'Northeast'),
  (14, 'Pacific'),
  (15, 'N Hollywood'),
  (17, 'Devonshire'),
  (18, 'Southeast'),
  (20, 'Olympic'),
  (21, 'Topanga');

INSERT INTO Case_Status (Status_Cd, Status_Desc) VALUES
  ('AA', 'Adult Arrest'),
  ('AO', 'Adult Other'),
  ('IC', 'Invest Cont');

INSERT INTO Crime_Type (Crm_Cd, Crm_Cd_Desc, Crm_Cd_1, Crm_Cd_2, Crm_Cd_3, Crm_Cd_4) VALUES
  (230, 'ASSAULT WITH DEADLY WEAPON, AGGRAVATED ASSAULT', 230, NULL, NULL, NULL),
  (310, 'BURGLARY', 310, NULL, NULL, NULL),
  (330, 'BURGLARY FROM VEHICLE', 330, NULL, NULL, NULL),
  (331, 'THEFT FROM MOTOR VEHICLE - GRAND ($950.01 AND OVER)', 331, NULL, NULL, NULL),
  (354, 'THEFT OF IDENTITY', 354, NULL, NULL, NULL),
  (420, 'THEFT FROM MOTOR VEHICLE - PETTY ($950 & UNDER)', 420, NULL, NULL, NULL),
  (440, 'THEFT PLAIN - PETTY ($950 & UNDER)', 440, NULL, NULL, NULL),
  (510, 'VEHICLE - STOLEN', 510, NULL, NULL, NULL),
  (624, 'BATTERY - SIMPLE ASSAULT', 624, NULL, NULL, NULL),
  (626, 'INTIMATE PARTNER - SIMPLE ASSAULT', 626, NULL, NULL, NULL),
  (812, 'CRM AGNST CHLD (13 OR UNDER) (14-15 & SUSP 10 YRS OLDER)', 812, 860, NULL, NULL);

INSERT INTO Premises (Premise_Cd, Premise_Desc) VALUES
  (101, 'STREET'),
  (102, 'SIDEWALK'),
  (103, 'ALLEY'),
  (108, 'PARKING LOT'),
  (121, 'YARD (RESIDENTIAL/BUSINESS)'),
  (203, 'OTHER BUSINESS'),
  (210, 'RESTAURANT/FAST FOOD'),
  (212, 'TRANSPORTATION FACILITY (AIRPORT)'),
  (501, 'SINGLE FAMILY DWELLING'),
  (502, 'MULTI-UNIT DWELLING (APARTMENT, DUPLEX, ETC)'),
  (707, 'GARAGE/CARPORT');

INSERT INTO Weapon_Type (Weapon_Cd, Weapond_Desc) VALUES
  (200, 'KNIFE WITH BLADE 6INCHES OR LESS'),
  (400, 'STRONG-ARM (HANDS, FIST, FEET OR BODILY FORCE)'),
  (500, 'UNKNOWN WEAPON/OTHER WEAPON');

INSERT INTO Victim_Type (Vict_Age, Vict_Sex, Vict_Descent) VALUES
  (31, 'M', 'H'),
  (32, 'M', 'H'),
  (30, 'M', 'W'),
  (47, 'F', 'A'),
  (63, 'M', 'H'),
  (35, 'M', 'B'),
  (21, 'F', 'B'),
  (14, 'F', 'H'),
  (43, 'M', 'W'),
  (57, 'M', 'W'),
  (13, 'M', 'H'),
  (34, 'F', 'A'),
  (0, NULL, NULL),
  (0, 'X', 'X'),
  (32, 'M', 'W'),
  (39, 'M', 'O'),
  (26, 'F', 'B'),
  (21, 'F', 'W'),
  (0, 'M', 'W');

INSERT INTO Occurence (DATE_OCC, TIME_OCC) VALUES
  (DATE '2020-11-07', 845),
  (DATE '2020-10-18', 1845),
  (DATE '2020-10-30', 1240),
  (DATE '2020-12-24', 1310),
  (DATE '2020-09-29', 1830),
  (DATE '2020-11-11', 1210),
  (DATE '2020-04-16', 1350),
  (DATE '2020-07-07', 1400),
  (DATE '2020-03-02', 1200),
  (DATE '2020-09-01', 900),
  (DATE '2020-06-20', 1),
  (DATE '2020-11-17', 1320),
  (DATE '2020-09-05', 1500),
  (DATE '2020-07-02', 500),
  (DATE '2020-02-13', 2300),
  (DATE '2020-02-01', 1658),
  (DATE '2020-11-08', 730),
  (DATE '2020-03-20', 1320),
  (DATE '2020-08-17', 400);

INSERT INTO Location (LOCATION, Cross_Street, LAT, LON, Area_Cd) VALUES
  ('7800 BEEMAN AV', NULL, 34.2124, -118.4092, 15),
  ('ATOLL AV', 'N  GAULT', 34.1993, -118.4203, 15),
  ('14600 SYLVAN ST', NULL, 34.1847, -118.4509, 9),
  ('6000 COMEY AV', NULL, 34.0339, -118.3747, 7),
  ('4700 LA VILLA MARINA', NULL, 33.9813, -118.435, 14),
  ('5300 CRONUS ST', NULL, 34.083, -118.1678, 4),
  ('900 W 40TH PL', NULL, 34.01, -118.29, 3),
  ('3000 ACRESITE ST', NULL, 34.1107, -118.2589, 11),
  ('17700 SIMONDS ST', NULL, 34.2763, -118.521, 17),
  ('20900 MARMORA ST', NULL, 34.1493, -118.5886, 21),
  ('1000 N RIDGEWOOD PL', NULL, 34.0878, -118.3146, 6),
  ('400 S ARDMORE AV', NULL, 34.0672, -118.3016, 20),
  ('19700 VANOWEN ST', NULL, 34.1938, -118.5631, 21),
  ('9500 COZYCROFT AV', NULL, 34.2427, -118.582, 17),
  ('3300 MOTOR AV', NULL, 34.024, -118.409, 14),
  ('300 WORLD WY', NULL, 33.944, -118.4073, 14),
  ('108TH ST', 'AVALON AV', 33.9383, -118.2652, 18),
  ('20900 DEVONSHIRE ST', NULL, 34.2572, -118.5885, 17),
  ('11100 CUMPSTON ST', NULL, 34.17, -118.3722, 15);

INSERT INTO Crime_Report (DR_NO, Date_Rptd, Part_1_2, Mocodes, Rpt_Dist_No, Occurence_ID, Location_ID, Victim_ID, Crm_Cd, Weapon_Cd, Premise_Cd, Status_Cd) VALUES
  (211507896, DATE '2021-04-11', 2, '377', 1502, 1, 1, 1, 354, NULL, 501, 'IC'),
  (201516622, DATE '2020-10-21', 1, '0416 0334 2004 1822 1414 0305 0319 0400', 1521, 2, 2, 2, 230, 200, 102, 'IC'),
  (240913563, DATE '2024-12-10', 2, '377', 933, 3, 3, 3, 354, NULL, 501, 'IC'),
  (210704711, DATE '2020-12-24', 1, '344', 782, 4, 4, 4, 331, NULL, 101, 'IC'),
  (201418201, DATE '2020-10-03', 1, '1300 0344 1606 2032', 1454, 5, 5, 5, 420, NULL, 103, 'IC'),
  (240412063, DATE '2024-12-11', 2, '100', 429, 6, 6, 6, 354, NULL, 502, 'IC'),
  (240317069, DATE '2024-12-16', 2, '0100 0928 1822', 396, 7, 7, 7, 354, NULL, 501, 'IC'),
  (201115217, DATE '2020-10-29', 2, '1259 0448 0304 1822 0500 0522', 1133, 8, 8, 8, 812, 500, 121, 'AO'),
  (241708596, DATE '2024-04-20', 2, '1501', 1729, 9, 9, 9, 354, NULL, 501, 'IC'),
  (242113813, DATE '2024-12-18', 2, '930', 2196, 10, 10, 10, 354, NULL, 501, 'IC'),
  (240605846, DATE '2024-02-06', 2, '0500 1251 0913 0522 0551 1259 0558', 657, 11, 11, 11, 812, 400, 501, 'AA'),
  (242014110, DATE '2024-12-18', 2, '0100 0928 1822', 2023, 12, 12, 12, 354, NULL, 502, 'IC'),
  (202113531, DATE '2020-09-06', 1, NULL, 2149, 13, 13, 13, 510, NULL, 108, 'AA'),
  (201710725, DATE '2020-07-03', 1, '344', 1762, 14, 14, 14, 310, NULL, 203, 'IC'),
  (201406733, DATE '2020-02-16', 1, '0344 1300', 1406, 15, 15, 15, 330, NULL, 707, 'IC'),
  (201405970, DATE '2020-02-01', 1, '1822 0344', 1494, 16, 16, 16, 440, NULL, 212, 'AO'),
  (201820230, DATE '2020-11-08', 2, '2000 1300 0416 1814 0446 1310 0400', 1844, 17, 17, 17, 626, 400, 101, 'IC'),
  (201707577, DATE '2020-03-20', 2, '0202 1300 1822 0356', 1752, 18, 18, 18, 624, 500, 210, 'IC'),
  (201514848, DATE '2020-09-04', 1, '1605 0344 1420', 1549, 19, 19, 19, 310, NULL, 502, 'AA');
